"id","_type","skill_0_id","skill_1_id","skill_2_id","skill_3_id","skill_0_lv","skill_1_lv","skill_2_lv","skill_3_lv","wtf_1_0","wtf_1_1","name","text","graphic","rank","type"
"0","0","0","0","67","60","8","0","4","4","5","12","브리디드 플레임독","인간들에게 잡혀 사육당한 플레임독.야생성을 잃었지만 종족 특유의 강인한 불꽃은 변함없다.","1_FlameDog_collar.sad","N","力"
"1","0","68","0","24","68","8","0","4","4","1","11","블루 플레임독","산악 지역에서 자란 강인한 플레임독.
 인간들이 다가오면 입으로 푸른빛 불꽃을 내뿜는다.
","2~11_FlameDog.sad","N","力"
"2","1","10","0","56","2","8","0","4","4","6","15","그린 플레임독","산악 지역에서 자란 강인한 플레임독. 
인간들이 다가오면 입으로 초록빛 불꽃을 내뿜는다.
","2~11_FlameDog.sad","N","知識"
"3","1","26","0","2","54","8","0","4","4","4","14","퍼플 플레임독","산악 지역에서 자란 강인한 플레임독. 
인간들이 다가오면 입으로 보랏빛 불꽃을 내뿜는다.","2~11_FlameDog.sad","N","知識"
"4","2","21","0","55","18","8","0","4","4","4","13","그레이 플레임독","산악 지역에서 자란 강인한 플레임독.
인간들이 다가오면 입으로 회색빛 불꽃을 내뿜는다.","2~11_FlameDog.sad","N","健康"
"5","2","0","0","0","50","8","0","4","4","2","10","레드 플레임독","산악 지역에서 자란 강인한 플레임독. 
인간들이 다가오면 입으로 붉은 불꽃을 내뿜는다.","2~11_FlameDog.sad","N","健康"
"6","3","38","0","39","45","8","0","4","4","4","14","퍼플 블레이즈독","사막에서 자란 강력한 블레이즈독. 
인간들이 다가오면 보랏빛 불꽃을 온몸으로 내뿜는다.","2~11_FlameDog.sad","N","サポート"
"7","3","18","0","17","60","8","0","4","4","5","15","시안 블레이즈독","사막에서 자란 강력한 블레이즈독. 
인간들이 다가오면 초록빛 불꽃을 온몸으로 내뿜는다.","2~11_FlameDog.sad","N","サポート"
"8","3","2","0","48","11","8","0","4","4","2","10","레드 블레이즈독","사막에서 자란 강력한 블레이즈독. 
인간들이 다가오면 붉은빛 불꽃을 온몸으로 내뿜는다.","2~11_FlameDog.sad","N","サポート"
"9","0","29","0","37","26","8","0","4","4","3","11","블루 블레이즈독","사막에서 자란 강력한 블레이즈독. 
인간들이 다가오면 파란빛 불꽃을 온몸으로 내뿜는다.","2~11_FlameDog.sad","N","力"
"10","0","66","0","64","62","8","0","4","4","6","15","뮤턴트 플레임독","플레임독과 블레이즈독의 교배종으로 희박한 확률로 태어나는 변종 플레임독이다.  온몸에서 불꽃을 내뿜는다.","2~11_FlameDog.sad","N","力"
"11","1","32","0","68","21","8","0","4","4","3","11","숙녀 꼬마 유령","커다란 리본을 단 꼬마 유령. 눈웃음 짓는 걸 좋아한다. 사뿐거리며 날아다니는 것이 특징이다.","12_LittleGhost_wom.sad","N","知識"
"12","1","14","0","25","6","8","0","4","4","1","11","바다 꼬마 유령","바다에 서식하던 꼬마 유령. 호기심이 강하여 배에 다가가 선원들을 겁에 질리게 하기도 한다.","13~22_LittleGhost.sad","N","知識"
"13","1","30","0","6","14","8","0","4","4","6","12","숲속 꼬마 유령","숲속에 서식하던 꼬마 유령. 숲에서 길 잃은 용병들을 도와주곤 한다.","13~22_LittleGhost.sad","N","知識"
"14","0","0","0","61","23","8","0","4","4","5","12","절벽 꼬마 유령","인적 드문 절벽에서 서식하던 꼬마 유령. 그곳에서 외로움을 많이 탄 만큼 인간을 반긴다.","13~22_LittleGhost.sad","N","力"
"15","2","45","0","45","21","8","0","4","4","4","13","바위 꼬마 유령","바위 근처에서 서식하던 꼬마 유령. 움직이기 싫어하며 주변에 누군가 나타나도 크게 반응하지 않는다.","13~22_LittleGhost.sad","N","健康"
"16","2","24","0","26","36","8","0","4","4","2","11","사막 꼬마 유령","사막에서 서식하던 꼬마 유령. 무작정 낙타 따라다니기를 좋아하여 사막 한가운데서 길 잃곤 했다.","13~22_LittleGhost.sad","N","健康"
"17","3","6","0","34","14","8","0","4","4","4","10","폭포 꼬마 유령","폭포에 서식하던 꼬마 유령. 폭포 오르기를 즐긴다.","13~22_LittleGhost.sad","N","サポート"
"18","3","18","0","37","49","8","0","4","4","6","13","평원 꼬마 유령","평원에 서식하던 꼬마 유령. 인간들이 평원에 들어오면 겁을 주기 위해 안간힘을 다한다. 하지만 매번 실패했다고.","13~22_LittleGhost.sad","N","サポート"
"19","1","36","0","61","0","8","0","4","4","5","14","신사 꼬마 유령","중절모와 수염 장식을 한 꼬마 유령. 신사다움에 집착하는 편이다.","20_LittleGhost_man.sad","N","知識"
"20","3","38","0","27","39","8","0","4","4","3","13","묘지 꼬마 유령","묘지에서 서식하던 꼬마 유령. 모든 유령 중 자신이 제일 무섭고 강하다는 착각에 빠져있다.","13~22_LittleGhost.sad","N","サポート"
"21","3","17","0","30","56","8","0","4","4","4","13","지하 꼬마 유령","지하에 서식하던 꼬마 유령. 지하에 인기척이 들리면 깜짝 놀라 비밀장소로 도망가 숨는다.","13~22_LittleGhost.sad","N","サポート"
"22","0","31","0","38","15","8","0","4","4","1","11","욕심 많은 글림 골렘","욕심 가득한 글림골렘. 
남의 것은 나의 것. 나의 것도 당연히 나의 것.","23~33_Gleamgolem.sad","N","力"
"23","1","7","0","7","50","8","0","4","4","2","15","망각하는 글림 골렘","망각에 빠져 사는 글림골렘. 
이미 글림골렘이라는 사실도 잊었다.","23~33_Gleamgolem.sad","N","知識"
"24","1","24","0","55","31","8","0","4","4","6","13","탐욕스런 글린 골렘","탐욕에 가득찬 글림골렘.
촛불의 크기를 키우기 위해 치사한 행동을 일삼는다.","23~33_Gleamgolem.sad","N","知識"
"25","1","34","0","39","17","8","0","4","4","5","14","축복하는 글림 골렘","축복을 상징하는 글림골렘.
촛불을 신성하게 생각하며 매우 소중히한다.","23~33_Gleamgolem.sad","N","知識"
"26","0","18","0","18","68","8","0","4","4","1","13","용기 많은 글림 골렘","용기 넘치는 글림골렘.
어떤 힘겨운 상황에도 촛불을 앞세우고 나아간다.","23~33_Gleamgolem.sad","N","力"
"27","2","67","0","29","56","8","0","4","4","3","10","정의로운 글림 골렘","정의로운 글림골렘.
주변 동료가 공격당하는 것을 참지 못한다.","23~33_Gleamgolem.sad","N","健康"
"28","2","29","0","0","67","8","0","4","4","3","14","근성 강한 글림 골렘","근성 강한 글림골렘.
촛불은 꺼지지 않는다. 절대로.","23~33_Gleamgolem.sad","N","健康"
"29","3","66","0","62","65","8","0","4","4","1","14","행복한 글림 골렘","싱글벙글 글림골렘.
촛불이 항상 밝은 색으로 활활 타오른다.","23~33_Gleamgolem.sad","N","サポート"
"30","3","36","0","47","60","8","0","4","4","2","11","희망에 찬 글림 골렘","희망에 찬 글림골렘.
다 같이 모여 밝은 불빛을 내는 것을 좋아한다.","23~33_Gleamgolem.sad","N","サポート"
"31","0","15","0","36","7","8","0","4","4","4","12","분노하는 글림 골렘","분노에 사로잡힌 글림골렘.
어둠을 저주해 촛불로 밝히고자 한다.","23~33_Gleamgolem.sad","N","力"
"32","0","68","0","31","32","8","0","4","4","5","15","복수의 글림 골렘","복수심에 불타오르는 글림골렘.
촛불의 화력이 너무 강해 몸통이 점점 작아진다.","23~33_Gleamgolem.sad","N","力"
"33","3","3","0","11","47","8","0","4","4","6","14","래비토","살구색의 귀여운 크리쳐. 가장 흔한 레비토 종.
귀여운 모습으로 많은 사람의 사랑을 받고 있다.","34~44_Rebito.sad","N","サポート"
"34","3","11","0","54","3","8","0","4","4","2","13","리비토","하늘색의 귀여운 크리쳐. 강가에서 서식했던 종으로 추측한다. 귀여운 모습으로 많은 사람의 사랑을 받고 있다.","34~44_Rebito.sad","N","サポート"
"35","3","27","0","24","61","8","0","4","4","1","12","루비토","회색의 귀여운 크리쳐. 해안에서 서식했던 종으로 추측한다. 귀여운 모습으로 많은 사람의 사랑을 받고 있다.","34~44_Rebito.sad","N","サポート"
"36","3","18","0","17","32","8","0","4","4","4","10","로비토","초록색의 귀여운 크리쳐. 숲에서 서식했던 종으로 추측한다. 귀여운 모습으로 많은 사람의 사랑을 받고 있다.","34~44_Rebito.sad","N","サポート"
"37","2","21","0","66","27","8","0","4","4","3","14","부비토","보라색의 귀여운 크리쳐. 동굴에서 서식했던 종으로 추측한다. 귀여운 모습으로 많은 사람의 사랑을 받고 있다.","34~44_Rebito.sad","N","健康"
"38","2","3","0","11","58","8","0","4","4","2","14","래이토","코랄색의 귀여운 크리쳐. 지하에서 서식했던 종으로 추측한다. 귀여운 모습으로 많은 사람의 사랑을 받고 있다.","34~44_Rebito.sad","N","健康"
"39","2","62","0","64","28","8","0","4","4","4","10","루이토","푸른색의 귀여운 크리쳐. 황야에서 서식했던 종으로 추측한다. 귀여운 모습으로 많은 사람의 사랑을 받고 있다.","34~44_Rebito.sad","N","健康"
"40","1","17","0","34","48","8","0","4","4","1","15","로이토","분홍색의 귀여운 크리쳐. 사막에서 서식했던 종으로 추측한다. 귀여운 모습으로 많은 사람의 사랑을 받고 있다.","34~44_Rebito.sad","N","知識"
"41","1","45","0","0","17","8","0","4","4","6","11","라이토","연녹색의 귀여운 크리쳐. 평야에서 서식했던 종으로 추측한다. 귀여운 모습으로 많은 사람의 사랑을 받고 있다.","34~44_Rebito.sad","N","知識"
"42","1","11","0","3","57","8","0","4","4","5","13","래빈토","연보라색의 귀여운 크리쳐. 계곡에서 서식했던 종으로 추측한다. 귀여운 모습으로 많은 사람의 사랑을 받고 있다.","34~44_Rebito.sad","N","知識"
"43","0","23","0","38","30","8","0","4","4","1","15","루빈토","자주색의 귀여운 크리쳐. 레비토 종 중에서도 희귀한 혼혈종이다. 귀여운 모습으로 많은 사람의 사랑을 받고 있다.","34~44_Rebito.sad","N","力"
"44","1","5","0","57","21","8","0","4","4","4","11","나팔꽃 꽃망울","분홍색 꽃망울. 꽃밭에서 서식하며 인간을 꺼리는 편이다. 우아한 움직임이 특징이다.","45~55_Blossoms.sad","N","知識"
"45","0","0","0","32","39","8","0","4","4","6","10","장미 꽃망울","빨간색 꽃망울. 꽃밭에서 서식하며 인간을 꺼리는 편이다. 우아한 움직임이 특징이다.","45~55_Blossoms.sad","N","力"
"46","1","32","0","18","49","8","0","4","4","1","15","제비꽃 꽃망울","파란색 꽃망울. 꽃밭에서 서식하며 인간을 꺼리는 편이다. 우아한 움직임이 특징이다.","45~55_Blossoms.sad","N","知識"
"47","0","13","0","5","29","8","0","4","4","6","12","초롱꽃 꽃망울","보라색 꽃망울. 꽃밭에서 서식하며 인간을 꺼리는 편이다. 우아한 움직임이 특징이다.","45~55_Blossoms.sad","N","力"
"48","3","28","0","23","25","8","0","4","4","4","12","유채 꽃망울","노란색 꽃망울. 꽃밭에서 서식하며 인간을 꺼리는 편이다. 우아한 움직임이 특징이다.","45~55_Blossoms.sad","N","サポート"
"49","3","56","0","62","63","8","0","4","4","2","13","안개꽃 꽃망울","회색 꽃망울. 꽃밭에서 서식하며 인간을 꺼리는 편이다. 우아한 움직임이 특징이다.","45~55_Blossoms.sad","N","サポート"
"50","1","4","0","21","12","8","0","4","4","4","14","능소화 꽃망울","주황색 꽃망울. 꽃밭에서 서식하며 인간을 꺼리는 편이다. 우아한 움직임이 특징이다.","45~55_Blossoms.sad","N","知識"
"51","3","34","0","18","13","8","0","4","4","1","14","물망초 꽃망울","연보라색 꽃망울. 꽃밭에서 서식하며 인간을 꺼리는 편이다. 우아한 움직임이 특징이다.","45~55_Blossoms.sad","N","サポート"
"52","2","12","0","28","4","8","0","4","4","6","12","둥글레 꽃망울","연두색 꽃망울. 꽃밭에서 서식하며 인간을 꺼리는 편이다. 우아한 움직임이 특징이다.","45~55_Blossoms.sad","N","健康"
"53","2","67","0","0","26","8","0","4","4","5","15","버들 꽃망울","초록색 꽃망울. 꽃밭에서 서식하며 인간을 꺼리는 편이다. 우아한 움직임이 특징이다.","45~55_Blossoms.sad","N","健康"
"54","1","61","0","4","36","8","0","4","4","5","10","창포 꽃망울","남색 꽃망울. 꽃밭에서 서식하며 인간을 꺼리는 편이다. 우아한 움직임이 특징이다.","45~55_Blossoms.sad","N","知識"
"55","9","10","0","24","2","16","0","8","8","3","13","황혼의 플레어","춤추는 황혼의 플레어.
온 몸을 휘감고 있는 혼이 깃든 불꽃으로 적을 구워버린다.","56~60_Lame.sad","R","知識"
"56","9","11","0","3","21","16","0","8","8","3","14","타락의 플레어","그을린 타락의 플레어.
온 몸을 휘감고 있는 타락의 불꽃으로 적을 구워버린다.","56~60_Lame.sad","R","知識"
"57","9","12","0","25","4","16","0","8","8","4","14","저주의 플레어","사악한 저주의 플레어.
온 몸을 휘감고 있는 저주가 담긴 불꽃으로 적을 구워버린다.
","56~60_Lame.sad","R","知識"
"58","9","3","0","27","11","16","0","8","8","4","13","어둠의 플레어","까마득한 어둠의 플레어.온 몸을 휘감고 있는 어둠의 불꽃으로 적을 구워버린다.","56~60_Lame.sad","R","知識"
"59","11","32","0","34","49","16","0","8","8","2","10","지옥의 플레어","절망 가득한 지옥의 플레어.온 몸을 휘감고 있는 지옥의 불꽃으로 적을 구워버린다.","56~60_Lame.sad","R","サポート"
"60","8","30","0","18","17","16","0","8","8","4","15","해골 기사","검과 투구로 무장한 해골 기사. 붉은 눈으로 적을 포착해 분쇄한다.","61.SkeletonWarrior.sad","R","力"
"61","10","5","0","17","5","16","0","8","8","2","12","해골 전사","도끼로 무장한 해골 전사. 붉은 눈으로 적을 포착해 강력한 도끼술로 공격한다.","62_SkeletonWarrior.sad","R","健康"
"62","10","14","0","6","67","16","0","8","8","2","12","해골 용사","검으로 무장한 해골 용사. 화려하고 강력한 검술을 바탕으로 적들을 공격한다. 황금빛으로 빛나는 것이 특징이다.","63~65_SkeletonWarrior.sad","R","健康"
"63","8","17","0","0","56","16","0","8","8","1","12","해골 병사","검으로 무장한 해골 병사. 붉은 눈으로 적을 포착해 강력한 검술로 공격한다.","63~65_SkeletonWarrior.sad","R","力"
"64","11","6","0","58","14","16","0","8","8","5","10","해골 도적","검으로 무장한 해골 도적. 어둠 속에 시커먼 몸체를 숨기고 있다가 적이 나타날 시 일격에 분쇄한다.","63~65_SkeletonWarrior.sad","R","サポート"
"65","8","56","0","18","68","16","0","8","8","3","13","하늘빛 크루달","자유를 갈망하는 하늘빛 크루달. 주인에게 버려졌지만 마법을 통해 생명을 얻었다. 뒤늦게 얻은 자유에 행복이 넘쳐흐른다.","6670_Crewdal.sad","R","力"
"66","9","2","0","10","45","16","0","8","8","2","15","혈흔 크루달","생명체를 저주하는 혈흔 크루달. 주인에게 버려졌지만 마법을 통해 생명을 얻었다. 모든 생명체를 원망하며 없애려고 한다.","67_Crewdal_Blood.sad","R","知識"
"67","11","36","0","39","23","16","0","8","8","1","12","리본 크루달","주인을 그리워하는 리본 크루달. 주인에게 버려졌지만 마법을 통해 생명을 얻었다. 주인을 그리워하며 머리에 리본을 달았다.","68_Crewdal.sad","R","サポート"
"68","10","24","0","36","48","16","0","8","8","5","12","굵은실 크루달","사람이 되고 싶은 크루달. 주인에게 버려졌지만 마법을 통해 생명을 얻었다. 사람이 되기 위해 굵은 실을 머리에 붙였다.","69_Crewdal.sad","R","健康"
"69","10","21","0","68","34","16","0","8","8","3","13","크루달","버림받은 인형 크루달. 주인에게 버려졌지만 마법을 통해 생명을 얻었다. 끝없는 집착과 원망으로 가득차있다.","6670_Crewdal.sad","R","健康"
"70","11","29","0","57","0","16","0","8","8","4","10","비도","고대 숲의 정령. 머리에 사슴뿔을 달고 아이 같은 모습으로 숲속 깊은 곳에 숨어 살고 있었다. 소심해 보일지라도 강한 힘을 발휘한다.","71_Vido.sad","R","サポート"
"71","8","68","0","67","37","16","0","8","8","6","13","모히칸 캐리롯","무법자 모히칸 캐리롯. 모히칸 머리로 짧은 팔과 다리를 가지고 있다. 지나가는 상단이나 모험가들을 공격하여 물품을 빼앗았다.","72_Kallyrot_mo.sad","R","力"
"72","10","39","0","38","50","16","0","8","8","1","13","리젠트 캐리롯","무법자 리젠트 캐리롯. 리젠트 머리로 짧은 팔과 다리를 가지고 있다. 지나가는 상단이나 모험가들을 공격하여 물품을 빼앗았다.	","73_Kallyrot_re.sad","R","健康"
"73","9","4","0","12","32","16","0","8","8","3","12","아프로 캐리롯","무법자 아프로 캐리롯. 아프로 머리로 짧은 팔과 다리를 가지고 있다. 지나가는 상단이나 모험가들을 공격하여 물품을 빼앗았다.","74_Kallyrot_a.sad","R","知識"
"74","8","25","0","7","55","16","0","8","8","6","22","파프","커다란 불꽃 개구리 파프. 노란색 배가 특징적. 등 뒤 붉은색 불꽃이 일렁인다. 험상궂은 모습에 많은 이가 무서워하지만 사실 매우 순하다.","75~78_Pfaff.sad","R","力"
"75","9","15","0","47","7","16","0","8","8","3","22","포프","커다란 불꽃 개구리 포프. 붉은색 배가 특징적. 등 뒤 보라색 불꽃이 일렁인다. 험상궂은 모습에 많은 이가 무서워하지만 사실 매우 순하다.","75~78_Pfaff.sad","R","知識"
"76","10","2","0","10","26","16","0","8","8","5","14","퍼프","커다란 불꽃 개구리 퍼프. 보라색 배가 특징적. 등 뒤 초록색 불꽃이 일렁인다. 험상궂은 모습에 많은 이가 무서워하지만 사실 매우 순하다.","75~78_Pfaff.sad","R","健康"
"77","11","13","0","29","5","16","0","8","8","1","12","푸프","커다란 불꽃 개구리 푸프. 연두색 배가 특징적. 등 뒤 주황색 불꽃이 일렁인다. 험상궂은 모습에 많은 이가 무서워하지만 사실 매우 순하다.","75~78_Pfaff.sad","R","サポート"
"78","8","38","0","39","25","16","0","8","8","2","10","레드 앱솔","바다 해적 레드 앱솔. 바다에 사는 어인으로 해안가의 마을과 배를 약탈한 전적이 많다. 멍청하지만 보물에 대한 욕심은 끝이 없다.","79~83_RedAepssol.sad","R","力"
"79","11","0","0","60","27","16","0","8","8","1","13","블루 앱솔","바다 해적 블루 앱솔. 바다에 사는 어인으로 해안가의 마을과 배를 약탈한 전적이 많다. 멍청하지만 보물에 대한 욕심은 끝이 없다.","79~83_RedAepssol.sad","R","サポート"
"80","10","5","0","29","13","16","0","8","8","6","15","그린 앱솔","바다 해적 그린 앱솔. 바다에 사는 어인으로 해안가의 마을과 배를 약탈한 전적이 많다. 멍청하지만 보물에 대한 욕심은 끝이 없다.","79~83_RedAepssol.sad","R","健康"
"81","10","17","0","61","56","16","0","8","8","4","12","퍼플 앱솔","바다 해적 퍼플 앱솔. 바다에 사는 어인으로 해안가의 마을과 배를 약탈한 전적이 많다. 멍청하지만 보물에 대한 욕심은 끝이 없다.","79~83_RedAepssol.sad","R","健康"
"82","8","38","0","45","26","16","0","8","8","5","22","로드 앱솔","해적 대장 로드 앱솔. 대장 어인으로 어인 중에 10년에 한번 꼴로 태어나 가장 강하다. 멍청하지만 보물에 대한 욕심은 끝이 없다.","82_RedAepssol.sad","R","力"
"83","8","34","0","60","28","16","0","8","8","3","11","강인한 병아리","강인한 병아리 전사. 귀여운 모습 때문인지 많은 사람이 나약하게 보지만 검술의 달인이다. 약자 지키는 걸 좋아한다.","84_ChickWarrior_strong.sad","R","力"
"84","11","38","0","21","34","16","0","8","8","5","14","운좋은 병아리","운좋은 병아리 전사. 귀여운 모습 때문인지 많은 사람이 나약하게 보지만 검술의 달인이다. 운이 좋아 모든 일이 잘 풀린다.","85_ChickWarrior_lucky.sad","R","サポート"
"85","9","7","0","15","47","16","0","8","8","1","22","현명한 병아리","현명한 병아리 전사. 귀여운 모습 때문인지 많은 사람이 나약하게 보지만 검술의 달인이다. 매우 똑똑하여 훌륭한 지략을 펼치곤 한다.","86_ChickWarrior_wise.sad","R","知識"
"86","9","5","0","18","13","16","0","8","8","4","22","재빠른 병아리","재빠른 병아리 전사. 귀여운 모습 때문인지 많은 사람이 나약하게 보지만 검술의 달인이다. 눈에 잘 보이지 않을 만큼 빠르다.","87_ChickWarrior_quick.sad","R","知識"
"87","10","37","0","38","31","16","0","8","8","6","14","튼튼한 병아리","튼튼한 병아리 전사. 귀여운 모습 때문인지 많은 사람이 나약하게 보지만 검술의 달인이다. 어떤 공격에도 끄떡없는 모습을 유지한다.","88_ChickWarrior_solid.sad","R","健康"
"88","17","10","0","2","8","24","0","12","3","19","22","코볼트 대마법사","태어날 때부터 엄청난 재능을 지녀 최강의 대마법사가 되었다. 으스대는 성격이 흠.","89_KoboldtheWizard.sad","HR","知識"
"89","17","15","0","7","43","24","0","12","3","19","13","위치마고","노파 형상을 한 마녀. 얼굴엔 주름이 가득하며 눈빛은 욕심과 아집으로 번들거린다. 사실 여기엔 비밀이 있다.","90_WitchMago.sad","HR","知識"
"90","19","11","0","3","27","24","0","12","12","5","22","드레아스","얼음 정령 드레아스. 머리카락까지 얼어붙어 있다. 웬만해선 미동도 잘 하지 않는다. ","91_Dreas.sad","HR","サポート"
"91","18","47","0","33","30","24","0","3","12","21","13","나이트 스피어","불사의 나이트 스피어. 죽음과 부활의 반복을 통하여 강해졌다. 침묵을 중시한다.","92_KnightSpear.sad","HR","健康"
"92","18","50","0","38","70","24","0","12","3","2","22","도베르트","엽기적인 행색을 한 도베르만. 토끼 가죽을 쓰고서 활보한다. 분홍색에 과도하게 집착하는 면이 있다.","93_Dobereuteu.sad","HR","健康"
"93","16","58","0","56","28","24","0","12","12","3","12","타임 슬랫","시공간을 지키는 신사 쥐. 두 자루의 검은 시침과 분침을 상징한다. 시공간을 어지럽힌 존재를 응징하는 심판자.","94_TimeSeullrat.sad","HR","力"
"94","18","13","0","5","21","24","0","12","12","5","10","에머티스","광산 부근에 서식했었던 양 모양의 크리쳐. 등 부분에 보석이 여럿 박혀있다. 자존심이 강하다.","95_Amethys.sad","HR","健康"
"95","16","49","0","70","1","24","0","3","3","6","12","트루익","두 자루의 양날 도끼를 쥔 악어 검투사. 호전적인 성격으로 쉽게 흥분한다.","96_Teuruik.sad","HR","力"
"96","16","12","0","4","22","24","0","12","3","6","22","그리폰","한때는 창공의 지배자였으나 차원을 넘어오면서 혼란에 빠져 있다. 설상가상으로 목에 걸린 사슬 때문에 사나워진 상태. ","97_Griffon.sad","HR","力"
"97","19","14","0","6","59","24","0","12","3","3","11","마스크 구울","어두운 감정들의 집성체 마스크 구울. 좌절과 공포 그리고 슬픔 등이 모여 생성된 악마이다.","98_Minoghoul.sad","HR","サポート"
"98","26","46","0","9","6","10","0","5","16","8","13","인큐버스","아름다운 남성 몽마. 차분하고 여유 가득한 성격이다.","99_Incubus.sad","SR","健康"
"99","24","60","0","45","1","32","0","16","5","4","17","뱀파이어 프린세스","새침한 뱀파이어 공주. 왕족으로서 도도함을 뽐낸다. 아이 취급당하는 걸 싫어한다.","100_VampirePrinces.sad","SR","力"
"100","25","66","0","70","53","32","0","5","5","3","17","아이스퀸","얼음 여왕. 마음마저 차갑게 얼어버려 감정을 내비치는 일이 없다고 한다.	","101_IceQueen.sad","SR","知識"
"101","27","44","0","59","2","10","0","5","16","9","14","위치헌트","젊은 마녀 크리쳐. 노파일 때 모습은 위장용으로 변신했던 것. 기본적으로 인간을 귀찮아한다.","102_Witchhwonteu.sad","SR","サポート"
"102","24","39","0","69","24","32","0","5","16","7","12","라미아","하반신이 뱀인 소녀. 심술쟁이 기질이 있다. 한 번 심통이 나면 상대를 집요하게 괴롭힌다.","103_Reale.sad","SR","力"
"103","96","1","0","41","35","20","0","10","10","9","18","발키리","전쟁의 요정 발키리. 전쟁이 있는 모든 곳에 그녀 역시 존재한다. 원칙을 중시하며 정의감이 넘친다. 금빛 날개로 비상할 때 후광이 번쩍여 보는 이마다 경외심을 느끼게 만든다.","103_Valkyrie.sad","LR","力"
"104","34","51","0","20","19","20","0","10","10","7","23","아가레스","가장 먼저 봉인당한 악마 크리쳐. 이성을 놓으면 금방 포악해져 주변 모든 것을 부셔놓기 쉽상이다. 호전적이며 자신의 강한 힘을 과시하기 좋아한다. 다루기에 가장 까다로운 크리쳐이기도 하다.","104_Lagerberg.sad","LR","健康"
"105","19","68","0","69","23","24","0","3","12","3","11","쫓겨난 루돌프","산타에게 쫓겨난 루돌프. 눈가에 늘 눈물이 고여있다.","106_Outcast Rudolf.sad","HR","サポート"
"106","17","64","0","67","66","24","0","12","12","19","13","크리스마스 요정","아이 양말에 선물을 넣고 사라지는 요정. 양말의 감촉을 좋아하여 머리에 양말을 뒤집어쓰고 다닌다.","107_FairyOfChristmasSocks.sad","HR","知識"
"107","26","68","0","42","18","32","0","5","16","8","13","산타 래비토","산타 래비토. 크리스마스가 되면 마을로 내려와 어린 래비토들에게 선물을 나누어 줬다고 한다.","108_SantaRabito.sad","SR","健康"
"108","17","67","0","53","8","24","0","3","3","2","12","폭시테일","우드 스태프를 들고 다니는 여우 마법사. 자신이 직접 꺾은 꽃으로 만든 꽃장식 모자를 쓰고 다닌다.","109_Foxytail.sad","HR","知識"
"109","16","61","0","57","26","24","0","12","12","4","22","하운데블","용암이 흐르는 화산 지대에서 서식했다. 하운데블의 몸 안에 흘러나오는 열기는 그냥 다가서기에 위협적일만큼 뜨겁다.","110_Houndevil.sad","HR","力"
"110","24","62","0","70","63","32","0","5","16","8","10","레오폴드","용맹하기로 유명한 레오폴드는 한때 무리의 우두머리였다. 거대하게 솟은 송곳니가 특징이며 늘 위엄을 뽐내고 있다.","111_Leopold.sad","SR","力"
"111","26","42","0","20","5","10","0","5","16","6","16","멜리아스","엔트들의 우상이며 고대의 숲이 고향인 친구이다. 차원을 넘어오면서 고향을 잃고 지금은 떠돌아다니는 중이다.","112_Melias.sad","SR","健康"
"112","97","52","0","33","43","20","0","10","10","7","17","어비스","깊은 바닷속에 살다 차원의 소용돌이에 휘말린 수룡. 차가운 숨결은 주변의 모든 걸 얼려버린다. 소문에 의하면 어비스의 진정한 힘은 드라고트와 필적했다고 한다.","113_Abyss.sad","LR","知識"
"113","80","24","0","19","28","24","0","3","12","3","11","펭귄 대령","하늘을 동경하는 펭귄. 오랜 시간 단련을 거쳐 양손의 부채로 낮은 높이에서 날 수 있게 되었다.","114_Penguin.sad","HR","力"
"114","19","61","0","51","54","24","0","3","12","19","13","프린세스 룬","눈동자가 밤하늘을 연상케 하는 공주님. 달님과 별의 기운을 빌어 우아한 몸짓으로 마법을 사용한다.","115_PrincessLoon.sad","HR","サポート"
"115","27","55","0","52","36","32","0","5","16","8","15","미스틱 코쿤","코쿤 안에서 나오지 않는 수수께끼의 크리처. 엄청난 힘을 가지고 있는 건지 단순한 겁쟁이인지 소문만 무성하다. 한 모험가가 미스틱 코쿤 안을 들여다보다 그대로 정신을 잃었다는 이야기도 떠돌고 있어 쉽게 건드리지 못한다.","116_MysticCocoon.sad","SR","サポート"
"116","25","38","0","41","35","32","0","5","5","8","14","닥터 루시드","만물박사 루시드. 많은 사람이 의지한다. 하지만 실상을 들여다보면 엄청난 게으름뱅이. 루시드가 의식적으로 하품하면 머리를 굴리기 시작했다는 증조다.","117_DrLusid.sad","SR","知識"
"117","10","18","0","28","25","16","0","8","8","3","13","와이엇 피그","도끼를 능숙하게 다룬다. 귀여운 생김새와는 다르게 매우 강인하다. 형제 중 첫째이다. 남의 것을 탐하는 나쁜 습관이 있다.","118_Wyatt Pig.sad","R","健康"
"118","8","2","0","10","45","16","0","8","8","2","11","코린트 피그","검을 능숙하게 다룬다. 귀여운 생김새와는 다르게 매우 강인하다. 형제 중 둘째이다. 남의 것을 탐하는 나쁜 습관이 있다.","119_Corinth Pig.sad","R","力"
"119","9","4","0","12","37","16","0","8","8","6","15","필버트 피그","창을 능숙하게 다룬다. 귀여운 생김새와는 다르게 매우 강인하다. 형제 중 셋째이다. 남의 것을 탐하는 나쁜 습관이 있다.","120_Filbert Pig.sad","R","知識"
"120","11","64","0","63","66","16","0","8","8","19","14","매이슨 피그","몽둥이를 능숙하게 다룬다. 귀여운 생김새와는 다르게 매우 강인하다. 형제 중 막내이다. 남의 것을 탐하는 나쁜 습관이 있다.","121_Mason Pig.sad","R","サポート"
"121","18","17","0","42","25","24","0","3","12","6","13","쿠만","거대한 산맥에서 서식했었던 쿠만. 적이 나타날 시 커다란 통나무를 자비 없이 휘두른다. 하지만 작고 귀여운 것에는 상냥한 태도를 보일 줄 안다.","122_Kumann.sad","HR","健康"
"122","24","55","0","19","23","32","0","5","16","21","15","스펙터","한때 스펙터가 지나간 자리엔 죽음만이 남았다고 한다. 살아있는 자가 죽음의 공포로 가득 차 있을 때 가장 큰 기쁨을 느끼는 미치광이이다.","123_Specter.sad","SR","力"
"123","72","57","0","17","54","16","0","8","8","1","12","해골 탈 박쥐","해골 탈에 집착하는 박쥐. 해골 탈로 인간을 놀라게 하는 걸 즐긴다. 보통 박쥐와 다르게 대낮에도 활발하게 움직인다.","124_BatMask_1.sad","R","力"
"124","73","23","0","6","14","16","0","8","8","4","13","광대 탈 박쥐","광대 탈에 집착하는 박쥐. 광대 탈로 인간을 놀라게 하는 걸 즐긴다. 보통 박쥐와 다르게 대낮에도 활발하게 움직인다.","125_BatMask_2.sad","R","知識"
"125","74","32","0","0","39","16","0","8","8","4","12","무대 탈 박쥐","무대 탈에 집착하는 박쥐. 무대 탈로 인간을 놀라게 하는 걸 즐긴다. 보통 박쥐와 다르게 대낮에도 활발하게 움직인다.","126_BatMask_3.sad","R","健康"
"126","75","65","0","65","62","16","0","8","8","19","14","뾰족 탈 박쥐","뾰족 탈에 집착하는 박쥐. 뾰족 탈로 인간을 놀라게 하는 걸 즐긴다. 보통 박쥐와 다르게 대낮에도 활발하게 움직인다.","127_BatMask_4.sad","R","サポート"
"127","19","37","0","20","55","24","0","3","12","6","15","꼬마 견습 마녀","사탕 바구니를 든 꼬마 견습 마녀. 바구니에 있는 사탕을 사람들에게 나눠주며 다닌다. 사탕 중 단맛이 아닌 뭔가 섞였다는 이야기가 있다.","128_LittleApprenticeWitch.sad","HR","サポート"
"128","24","35","0","22","56","10","0","5","16","8","10","호박 머리 기사","강인한 호박 기사. 자신의 진짜 머리를 찾아다니며, 푸른 불꽃으로 일렁이는 광기를 억누른다.","129_PumpkinHeadKnight.sad","SR","力"
"129","24","70","0","34","42","10","0","16","5","2","18","어새신","'캐스터가 소환한 암살자 영령[서번트]. 세이버를 물릴칠 정도의 검술가.","131_Fate_Assassin.sad","SR","力"
"130","27","22","0","25","67","10","0","16","16","9","14","아처","토사카 린과 계약한 궁병의 영령[서번트]. 에미야 시로를 적시함. 단독 행동이 특기.","130_Fate_Archer.sad","SR","サポート"
"131","26","57","0","20","37","32","0","5","16","8","13","버서커","이리야와 계약을 한 광전사의 영령[서번트]. 클래스 속성의 광폭화에 따라 상당히 강력한 능력을 발휘.","132_Fate_Berserker.sad","SR","健康"
"132","24","25","0","68","45","32","0","16","16","4","16","랜서","창병의 영령[서번트]. 높은 민첩성을 자랑하고 세이버와 호각을 이루는 실력을 가짐.","133_Fate_Lancer.sad","SR","力"
"133","32","42","0","1","22","20","0","10","10","20","18","세이버","에미야 시로와 계약한 검사의 영령〈서번트>. 세이버는 〈서번트〉중에서도 최고의 클래스. 강력한 보구를 가짐.","135_Fate_Saver.sad","LR","力"
"134","33","43","0","59","46","20","0","10","10","7","16","라이더","마토우 신지와 계약한 기병의 영령〈서번트〉. 기동력이 우수하고 결계를 치는 마술 등도 특기.","134_Fate_Rider.sad","LR","知識"
"135","8","45","0","2","38","16","0","8","8","19","12","핑크 리틀 래빗","공부를 좋아하는 아기 토끼. 책 읽는 것에 열중하다보니 눈이 많이 나빠졌다. 하지만 여전히 커다란 귀로 경청하고 배우려 한다.","136~139_LittleRabbit.sad","R","力"
"136","9","18","0","32","67","16","0","8","8","1","15","블루 리틀 래빗","공부를 좋아하는 아기 토끼. 책 읽는 것에 열중하다보니 눈이 많이 나빠졌다. 하지만 여전히 커다란 귀로 경청하고 배우려 한다.","136~139_LittleRabbit.sad","R","知識"
"137","10","63","0","66","64","16","0","8","8","1","11","그린 리틀 래빗","공부를 좋아하는 아기 토끼. 책 읽는 것에 열중하다보니 눈이 많이 나빠졌다. 하지만 여전히 커다란 귀로 경청하고 배우려 한다.","136~139_LittleRabbit.sad","R","健康"
"138","11","39","0","17","23","16","0","8","8","2","15","오렌지 리틀 래빗","공부를 좋아하는 아기 토끼. 책 읽는 것에 열중하다보니 눈이 많이 나빠졌다. 하지만 여전히 커다란 귀로 경청하고 배우려 한다.","136~139_LittleRabbit.sad","R","サポート"
"139","16","48","0","41","56","24","0","3","12","2","22","라이칸스로프","끝내 자의식을 잃고 원래의 모습으로 되돌아가지 못한 늑대인간. 성미가 급하고 사납다. 붉은 눈동자에는 광기만이 가득 차 있다.","140_Lycanthrope.sad","HR","力"
"140","26","33","0","1","33","10","0","5","5","5","17","켄타우루스 나이트","여러 영웅의 스승이기도 했던 수인. 순백의 갑옷을 번쩍이며 용맹스러운 자태를 뽐낸다. 고결한 의지가 깃든 폴액스를 휘두르며 아군을 보호한다.","141_KentarousKnight.sad","SR","健康"
"141","8","0","0","60","32","16","0","8","8","2","13","레드 스파인 레이디","양팔 끝이 장미로 이뤄진 가시 요정 크리처. 날카롭고 까칠한 성격이다.","141_Spine_Lady.sad","R","力"
"142","9","66","0","62","34","16","0","8","8","4","11","퍼플 스파인 레이디","양팔 끝이 장미로 이뤄진 가시 요정 크리처. 날카롭고 까칠한 성격이다.","141_Spine_Lady.sad","R","知識"
"143","10","67","0","36","11","16","0","8","8","6","14","그린 스파인 레이디","양팔 끝이 장미로 이뤄진 가시 요정 크리처. 날카롭고 까칠한 성격이다.","141_Spine_Lady.sad","R","健康"
"144","11","45","0","48","60","16","0","8","8","1","10","블루 스파인 레이디","양팔 끝이 장미로 이뤄진 가시 요정 크리처. 날카롭고 까칠한 성격이다.","141_Spine_Lady.sad","R","サポート"
"145","8","26","0","0","61","16","0","8","8","2","14","브라운 실키","수줍음이 많은 나방 소녀. 낯을 가린다.","145_Silky.sad","R","力"
"146","9","27","0","3","55","16","0","8","8","2","13","바이올렛 실키","수줍음이 많은 나방 소녀. 낯을 가린다.","145_Silky.sad","R","知識"
"147","10","28","0","18","54","16","0","8","8","3","11","올리브 실키","수줍음이 많은 나방 소녀. 낯을 가린다.","145_Silky.sad","R","健康"
"148","11","29","0","49","30","16","0","8","8","5","14","뮤턴트 실키","수줍음이 많은 나방 소녀. 다른 실키보다 신비로운 머리 빛깔을 띠고 있다.","145_Silky.sad","R","サポート"
"149","16","67","0","60","35","24","0","12","3","5","14","킹 크래버넷","황금빛의 갑옷을 입은 까마귀. 스스로 왕 행세를 하며 거들먹거리는 걸 좋아한다.","149_KingCravenette.sad","HR","力"
"150","19","14","0","43","31","24","0","3","12","19","15","가이아","만물과 공명하며 이치를 살피는 요정. 매우 조용하다. ","150_Gaia.sad","HR","サポート"
"151","25","15","0","46","22","32","0","5","5","9","12","크레센티","초승달의 황태자. 어린 모습이지만 오랜 세월을 살아왔다. 다소 권위적인 태도를 보인다.","151_Crescenti.sad","SR","知識"
"152","32","69","0","42","40","20","0","10","10","20","18","그래비티아나","시공을 넘나들며 모험하는 방랑자 아가씨. 여러 차원을 돌아다니며 연구한다.","152_Gravitiana.sad","LR","力"
"153","8","38","0","67","27","16","0","8","8","4","15","퍼플 리틀 포니","꽃을 좋아하는 켄타우루스 소녀. 긴 속눈썹이 매력 포인트.","153_BabyPony.sad","R","力"
"154","9","31","0","0","48","16","0","8","8","1","10","블루 리틀 포니","꽃을 좋아하는 켄타우루스 소녀. 긴 속눈썹이 매력 포인트.","153_BabyPony.sad","R","知識"
"155","11","65","0","63","64","16","0","8","8","2","10","레드 리틀 포니","꽃을 좋아하는 켄타우루스 소녀. 긴 속눈썹이 매력 포인트.","153_BabyPony.sad","R","サポート"
"156","10","36","0","56","26","16","0","8","8","6","12","그린 리틀 포니","꽃을 좋아하는 켄타우루스 소녀. 긴 속눈썹이 매력 포인트.","153_BabyPony.sad","R","健康"
"157","8","0","0","47","7","16","0","8","8","6","12","챔피언 다람","챔피언 다람쥐 자매 중 첫째. 귀여운 표정 뒤에 따끔한 맛의 주먹을 숨기고 있다. 무법자 캐리롯 무리와 라이벌이라고 한다. ","157_ChampionSquirrel.sad","R","力"
"158","9","62","0","65","64","16","0","8","8","1","11","챔피언 다솜","챔피언 다람쥐 자매 중 둘째. 귀여운 표정 뒤에 따끔한 맛의 주먹을 숨기고 있다. 무법자 캐리롯 무리와 라이벌이라고 한다. ","157_ChampionSquirrel.sad","R","知識"
"159","11","18","0","30","60","16","0","8","8","5","10","챔피언 다홍","챔피언 다람쥐 자매 중 막내. 귀여운 표정 뒤에 따끔한 맛의 주먹을 숨기고 있다. 무법자 캐리롯 무리와 라이벌이라고 한다. ","157_ChampionSquirrel.sad","R","サポート"
"160","10","21","0","38","68","16","0","8","8","3","15","챔피언 다롱","챔피언 다람쥐 자매 중 셋째. 귀여운 표정 뒤에 따끔한 맛의 주먹을 숨기고 있다. 무법자 캐리롯 무리와 라이벌이라고 한다. ","157_ChampionSquirrel.sad","R","健康"
"161","18","32","0","17","52","24","0","12","3","19","12","트릭스터","멧돼지를 타고 다니는 모험가 꼬마. 멧돼지가 이곳저곳 들이박고 다니는 탓에 정신이 없어 보인다. ","161_Tricster.sad","HR","健康"
"162","27","14","0","8","53","32","0","5","5","9","13","오로라","밤하늘 반짝임 속에서 나타난 평화의 요정. 오로라의 노래를 들으면 마음이 평온해진다고 전해진다.","162_Aurora.sad","SR","サポート"
"163","24","41","0","0","39","10","0","16","16","2","17","알렉산더","정의로운 성격의 맹수. 강한 힘으로 다른 이들을 지켜주고자 한다. 좋아하는 건 럼주.","163_Taiga.sad","SR","力"
"164","33","8","0","44","9","20","0","10","10","7","16","타나토스","번쩍이는 마검을 들고 다니는 언데드 크리처. 살아있을 적 상대의 힘을 마검으로 흡수하여 계속해서 강해지고자 했던 용사라는 이야기가 있다. 어느 순간 마검의 힘에 종속됐고 죽음 이후에도 언데드가 되어 자신의 검에 끌려다닌다.","164_Thanatos.sad","LR","知識"
"165","8","45","0","68","24","16","0","8","8","19","10","프린스 리온","씩씩한 기상과 곧은 절개를 가진 아기 사자 형제. 왕의 자리를 두고 미묘한 신경전을 벌이고 있다. 능력별로 다른 색상의 갈기 장식을 쓰고 있다. 초록빛의 갈기 장식은 리온을 상징한다.","165_PrinceRion.sad","R","力"
"166","9","61","0","49","23","16","0","8","8","2","13","프린스 라온","씩씩한 기상과 곧은 절개를 가진 아기 사자 형제. 왕의 자리를 두고 미묘한 신경전을 벌이고 있다. 능력별로 다른 색상의 갈기 장식을 쓰고 있다. 보라빛의 갈기 장식은 라온을 상징한다.","165_PrinceRion.sad","R","知識"
"167","10","34","0","39","31","16","0","8","8","6","12","프린스 로운","씩씩한 기상과 곧은 절개를 가진 아기 사자 형제. 왕의 자리를 두고 미묘한 신경전을 벌이고 있다. 능력별로 다른 색상의 갈기 장식을 쓰고 있다. 푸른빛의 갈기 장식은 로운을 상징한다.","165_PrinceRion.sad","R","健康"
"168","11","45","0","50","67","16","0","8","8","3","11","프린스 루운","씩씩한 기상과 곧은 절개를 가진 아기 사자 형제. 왕의 자리를 두고 미묘한 신경전을 벌이고 있다. 능력별로 다른 색상의 갈기 장식을 쓰고 있다. 붉은빛의 갈기 장식은 루운을 상징한다.","165_PrinceRion.sad","R","サポート"
"169","8","61","0","13","0","16","0","8","8","19","14","아스터","숲지기 고슴도치. 나무로 된 방패를 끼고 있다. 우직해 보이지만 사실은 수줍음이 많아 얼굴을 가면으로 가린 것이다.","166_Aster.sad","R","力"
"170","9","17","0","4","57","16","0","8","8","5","15","애스터","숲지기 고슴도치. 나무로 된 방패를 끼고 있다. 우직해 보이지만 사실은 수줍음이 많아 얼굴을 가면으로 가린 것이다.","166_Aster.sad","R","知識"
"171","10","7","0","50","36","16","0","8","8","6","14","우스터","숲지기 고슴도치. 나무로 된 방패를 끼고 있다. 우직해 보이지만 사실은 수줍음이 많아 얼굴을 가면으로 가린 것이다.","166_Aster.sad","R","健康"
"172","11","62","0","24","37","16","0","8","8","3","11","이스터","숲지기 고슴도치. 나무로 된 방패를 끼고 있다. 우직해보이지만 사실은 수줍음이 많아 얼굴을 가면으로 가린 것이다.","166_Aster.sad","R","サポート"
"173","18","23","0","1","34","24","0","3","12","6","13","드리머","꿈과 관련된 마법이 특기인 마술사. 드리머가 재주를 한 번 부리면 주변에 있는 이들이 행복해진다고 한다.","167_Dreamer.sad","HR","健康"
"174","17","24","0","29","9","24","0","12","3","5","15","노마드","갑옷 속에 갇힌 채 정처없이 떠도는 영혼. 노마드와 눈을 제대로 마주하면 정신을 잃는다는 소문이 있다.","168_Nomad.sad","HR","知識"
"175","16","34","0","39","24","24","0","12","12","3","10","바운티 헌터","현상금 사냥꾼 도마뱀. 한 번 찍은 상대는 놓치지 않고 잡는다. 과시하는 것을 좋아해 뼈 장신구를 필요 이상 두르고 다닌다. ","169_Bountyhunter.sad","HR","力"
"176","19","66","0","62","21","24","0","12","12","4","24","멜라니","증오를 심고 다니는 아기 악마. 멜라니의 화살에 맞으면 피가 완전히 식고 애정은 혐오로 뒤바뀐다.","170_Topaz.sad","HR","サポート"
"177","18","18","0","40","18","24","0","3","12","1","22","씨워커","톱상어 크리처. 깊은 수심의 바다에서 산다. 매우 사나운 탓에 양쪽 팔에 봉인 팔찌를 채워놓았다고 한다.","171_SeaWalker.sad","HR","健康"
"178","17","45","0","33","44","24","0","3","3","5","10","카이저","시력을 잃고 모든 힘을 소진한 늙은 드래곤. 하지만 누구도 함부로 하지 못할 고귀함을 가지고 있다.","172_Kaiser.sad","HR","知識"
"179","19","0","0","37","68","24","0","12","12","5","11","클레어","잠이 많은 코카스파니엘 아가씨. 얌전하게 생긴 것과 별개로 잠버릇이 썩 좋지 않다고 한다.","173_Claire.sad","HR","サポート"
"180","25","11","0","44","3","32","0","5","16","1","16","머큐리어","깊은 심해 속에서 사는 요정. 파동을 일으켜 앞을 본다고 한다. 물거품으로 아름다운 아리아를 만들어 노래하는 것이 특기. 천성이 유약하여 씨워커의 공격을 받는 경우가 많다.","174_Mercuria.sad","SR","知識"
"181","24","43","0","70","22","10","0","5","5","4","16","트와일라잇","땅거미의 끝이 맞닿은 자리, 땅속에서 깨어난 크리처. 트와일라잇이 움직인 자리에는 어스름이 남는다고 한다.","175_Twilight.sad","SR","力"
"182","35","59","0","9","46","20","0","10","10","9","17","하모니","혼돈에서 태어난 크리처. 하모니의 기상에 까마득한 어둠이 걷히고 하모니의 손에 닿은 존재들이 제자리를 찾으며 조화를 이루었다고 한다. ","176_Harmony.sad","LR","サポート"
"183","18","45","0","67","46","24","0","12","3","6","13","서큐버스 벨라","사람의 정기 대신 다른 특별한 것을 먹고 사는 서큐버스 크리처. 그건 바로 지속적인 애정의 힘이라고 한다. 고양이 형태의 마물을 품에 안고 다닌다.","177_Bella.sad","HR","健康"
"184","25","53","0","44","3","10","0","5","16","7","11","라크네라","차분한 어둠 속의 여인. 십자수를 좋아하는 차분한 여인이지만 어둠 속의 많은 존재들은 그녀의 가시를 두려워한다.","178_Rachnera.sad","SR","知識"
"185","19","65","0","18","51","24","0","12","3","6","15","비너스","꿀벌의 모습을 한 비너스는 화를 낼때 조금 무섭지만, 언제나 상냥한 간호사. 항상 구급상자를 들고 다닌다.","179_Venus.sad","HR","サポート"
"186","16","2","0","26","57","24","0","12","12","2","10","이프리트","마계의 불을 다루는 작은 악마. 무심한 듯 하지만, 동료들을 잘 챙기곤 한다. 상의는 입지 않고 있으며, 머리에는 뿔이 나있고 이마에 박혀있는 보라빛 보석은 이프리트의 상징과 같다.","180_Ifrit.sad","HR","力"
"187","19","67","0","27","60","24","0","12","12","19","11","오를레앙 3세","항상 무엇인가를 생각하는 물고기. 생각에 너무 잠긴 나머지 육지로 나와버렸는데, 아직 그것조차 깨닫지 못하고 있다. 항상 팔짱을 끼고 심각한 표정을 짓고 있다.","181_KingRoianII.sad","HR","サポート"
"188","34","19","0","42","43","20","0","10","10","7","23","이치노세 하지메","문방구를 매우 좋아하는 독특한 가치관을 가진 여자 아이. 귀여운가 귀엽지 않은가가 그녀에게는 제일 중요하다.","182_Ichinose Hajime.sad","LR","健康"
"189","24","38","0","35","23","32","0","5","16","2","17","타치바나 스가네","갓챠맨으로써의 임무에 매우 충실한 성격의 남자 아이. 상황을 너무 직선적으로만 파악하려는 고지식한 성격.","183_Tachibana.sad","SR","力"
"190","24","39","0","1","18","32","0","5","16","7","10","히비키 죠","만사에 의욕이 없어 보이는 표정의 남성. 늘 담배를 물고 다닌다.","184_Hibiki.sad","SR","力"
"191","27","22","0","32","67","10","0","16","16","8","15","우츠츠","항상 우울한 표정을 짓고 있는 소녀. 말수가 적고 특이한 말버릇을 가지고 있다.","184_Utsutsu.sad","SR","サポート"
"192","25","53","0","45","57","5","0","16","16","9","12","니노미야 루이","매우 명석한 두뇌를 가지고 있는 해커. 남 모를 취미를 가지고 있다.","185_Ninomiya.sad","SR","知識"
"193","9","26","0","10","65","16","0","8","8","2","14","올로니","머리에 붉은 빛의 거대한 구체와 팔을 달고 있는 정체불명의 생명체. 아이같이 천진난만한 성격을 가지고 있다.","186~189_Allonee.sad","R","知識"
"194","11","27","0","11","66","16","0","8","8","1","14","올로나","머리에 푸른 빛의 거대한 구체와 팔을 달고 있는 정체불명의 생명체. 아이같이 천진난만한 성격을 가지고 있다.","186~189_Allonee.sad","R","サポート"
"195","9","28","0","12","63","16","0","8","8","6","15","올로네","머리에 녹색 빛의 거대한 구체와 팔을 달고 있는 정체불명의 생명체. 아이같이 천진난만한 성격을 가지고 있다.","186~189_Allonee.sad","R","知識"
"196","11","29","0","13","64","16","0","8","8","4","10","올로누","머리에 노란 빛의 거대한 구체와 팔을 달고 있는 정체불명의 생명체. 아이같이 천진난만한 성격을 가지고 있다.","186~189_Allonee.sad","R","サポート"
"197","8","17","0","48","56","16","0","8","8","3","10","소드 가디언","수호를 목적으로 만들어진 병사. 다양한 장병기를 다룰 수 있게 설계되었다. 그 중 거대한 검을 들고 있는 타입.","190_Sword_Guardian.sad","R","力"
"198","10","18","0","50","21","16","0","8","8","19","15","액스 가디언","수호를 목적으로 만들어진 병사. 다양한 장병기를 다룰 수 있게 설계되었다. 그 중 거대한 도끼를 들고 있는 타입.","191_Axe_Guardian.sad","R","健康"
"199","8","37","0","47","74","16","0","8","8","1","11","해머 가디언","수호를 목적으로 만들어진 병사. 다양한 장병기를 다룰 수 있게 설계되었다. 그 중 거대한 망치를 들고 있는 타입.","192_Hammer_Guardian.sad","R","力"
"200","10","32","0","49","57","16","0","8","8","5","15","스피어 가디언","수호를 목적으로 만들어진 병사. 다양한 장병기를 다룰 수 있게 설계되었다. 그 중 거대한 창을 들고 있는 타입.","193_Spear_Guardian.sad","R","健康"
"201","17","55","0","8","72","24","0","3","12","4","11","블랙 위도우","칠흑같은 어둠이 온 몸을 감싸고 있는 여인. 익살스러움과 기품이 넘친다.","194_Blackwidow.sad","HR","知識"
"202","80","54","0","1","71","24","0","3","12","3","22","화이트 레이디","하얀 두건으로 온 몸을 감싸고 있는 여인. 항상 무언가를 위해 기도한다.","195_Whitelady.sad","HR","力"
"203","89","70","0","52","61","10","0","5","16","3","18","시커","우주의 이치를 관찰하고 탐구하는 연구자. 구체 안에는 작은 우주가 펼쳐져 있다.","196_Seeker.sad","SR","知識"
"204","96","77","0","42","33","20","0","10","10","8","18","골드 엠페러","정확한 정체를 알 수 없는 황금의 황제. 이계에서 넘어오면서 힘은 약해졌지만 그 잔재만으로도 강력함을 느낄 수 있다.","197_GoldEmperor.sad","LR","力"
"205","16","0","0","26","23","24","0","12","12","3","22","쁘띠 델린","안녕하세요~ 모험가님! 자자 얼른얼른 출발하자니까요! 머뭇거리다가는 늦는단 말이에요!","198_Pet_Deline.sad","HR","力"
"206","17","68","0","8","62","24","0","3","12","19","22","쁘띠 달린","앗! 어서오세요. 모험가님! 고생많으셨어요. 어디 다치신 곳은 없으신가요?","199_Pet_Darline.sad","HR","知識"
"207","33","8","0","53","43","20","0","10","10","0","0","마토 사쿠라[흑성배]","세상에 절망한 사쿠라가 앙그라 마이뉴 계약을 한 모습. 자상한 모습은 온데간데 없이 냉소적이고 잔혹함만이 모습을 비추고 있다.","100_VampirePrinces.sad","LR","知識"
"208","32","42","0","41","1","20","0","10","10","0","0","세이버[얼터]","앙그라 마이뉴에게 삼켜져 반전한 상태의 세이버. 대성배로부터 공급받는 마력을 통해 생전 이상의 파괴력을 자랑한다.","100_VampirePrinces.sad","LR","力"
"209","26","1","0","70","67","10","0","5","16","0","0","코토미네 키레","성당교회의 대행자이자 성배전쟁의 감독관. 모든 생명의 탄생을 축복하며, 앙그라 마이뉴의 탄생을 바라고 있다.","100_VampirePrinces.sad","SR","健康"
"210","25","46","0","39","37","10","0","16","16","0","0","에미야 시로","부상을로 왼 팔을 잃고 아쳐의 팔을 이식받은 에미야 시로. 침식을 억누르기 위해 성해포로 왼 팔을 감싸고 있다.","100_VampirePrinces.sad","SR","知識"
"211","10","56","0","18","23","16","0","8","8","2","11","아울 나이트","부엉이 족의 용맹한 전사. 늘 검과 방패를 들고 동료를 든든하게 수호한다.","200_OwlKnight.sad","R","健康"
"212","11","38","0","34","24","16","0","8","8","3","12","아울 스카우트","부엉이 족의 날렵한 정찰꾼. 늘 활과 화살을 들고 주변을 예리하게 주시한다.","201_OwlScout.sad","R","サポート"
"213","9","67","0","21","45","16","0","8","8","5","11","아울 스콜라","부엉이 족의 현명한 현자. 늘 부엉이 족만의 지혜가 담긴 마법서를 들고 연구를 계속한다.","202_OwlSchola.sad","R","知識"
"214","8","68","0","36","60","16","0","8","8","19","10","아울 밴딧","부엉이 족의 민첩한 도둑. 늘 날카로운 쌍검을 들고 위험한 함정을 파헤친다.","203_OwlBandit.sad","R","力"
"215","18","25","0","50","64","24","0","12","12","4","24","엘더 허미트","우스꽝스러운 곰 가죽을 뒤집어쓴 노인. 마냥 유쾌해 보이지만, 동물들과 교감하고 소통할 수 있는 능력이 있다.","204_Hermit.sad","HR","健康"
"216","27","72","0","32","57","32","0","16","16","5","16","아마니타 매지션","귀여운 버섯 모자를 쓰고 나무 지팡이를 들고 다니는 소녀. 언제나 선잠에 빠져버릴 듯한 표정을 짓고 있다.","205_AmanitaMagician.sad","SR","サポート"
"217","97","53","0","46","33","20","0","10","10","8","16","다크니스 네뷸라","어둠의 기운을 두른 아름다운 풍요의 여신. 그녀의 해골이 소리없이 울부짖으면 온 우주의 생명이 전율한다.","206_Darkness_Nebula.sad","LR","知識"
"218","96","44","0","43","59","20","0","10","10","8","17","원 인 올","하나이자 전체, 전체이자 하나, 문이자 열쇠. 모든 것의 시작이자 끝인 자로서 그는 온 우주의 모든 것을 조정한다고 전해진다.","207_Oneinall.sad","LR","力"
"219","16","0","0","23","39","24","0","12","12","2","22","티그","용맹한 산 호랑이. 자신을 키워준 모험가를 잘 따른다.","208_Tig.sad","HR","力"
"220","24","1","0","23","39","10","0","16","16","8","10","타이거츠","늠름하게 자란 산호랑이. 자신을 키워준 모험가의 강력한 힘이 되어주려고 한다.","209_Tigerz.sad","SR","力"
"221","83","63","0","66","62","24","0","12","12","19","15","호크","날쌘 계곡 독수리. 자신을 키워준 모험가를 잘 따른다.","210_Hawk.sad","HR","サポート"
"222","91","66","0","64","62","32","0","16","16","9","14","호크룩스","충성심 넘치게 자란 계곡 독수리. 자신을 키워준 모험가의 옆에 서서 항상 도와주려고 한다.","211_Hawkrous.sad","SR","サポート"
"223","17","78","0","45","21","24","0","12","12","4","11","씰","귀여운 먼바다 물개. 자신을 키워준 모험가를 잘 따른다.","212_Seal.sad","HR","知識"
"224","25","8","0","45","21","10","0","16","16","1","16","씨엠퍼러","현명하게 자란 먼바다 물개. 자신을 키워준 모험가에게 반짝이는 조언을 해주려고 한다. ","213_SeaEmperor.sad","SR","知識"
"225","18","18","0","17","24","24","0","12","12","6","13","테디","튼튼한 깊은 숲 곰. 자신을 키워준 모험가를 잘 따른다.","214_Teddy.sad","HR","健康"
"226","26","20","0","17","24","10","0","16","16","5","17","테오도르","든든하게 자란 깊은 숲 곰. 자신을 키워준 모험가의 앞에 서서 항상 지켜주려고 한다. ","215_Theodore.sad","SR","健康"
"227","16","38","0","0","49","24","0","12","12","3","15","타이니 폭스","이 세상에 나와 다양한 경험을 하며 수행 중인 어린 여우. 늘 3개의 꼬리를 살랑거리고 있다. ","216_Tinyfox.sad","HR","力"
"228","17","3","0","11","32","24","0","12","12","5","13","리틀로틀","깨끗한 물방울 속에서 살아가고 있는 리틀로틀. 귀엽고 순한 모습으로 다른 이들의 사랑을 받고 있다. ","217_Littlelotlle.sad","HR","知識"
"229","18","54","0","36","22","24","0","12","3","1","10","웨일리","먼바다 저 너머에서 사는 작은 고래. 하늘을 바다처럼 헤엄쳐 모험가에게로 당도했다. ","218_Whaleily.sad","HR","健康"
"230","25","8","0","14","43","10","0","16","5","9","11","세크리드 폭스","마침내 전설의 힘을 손에 얻은 신비로운 여우. 그 푸르고 신성한 힘이 그 곁에 감돌고 있다. ","219_SacredFox.sad","SR","知識"
"231","24","39","0","1","41","32","0","5","5","7","10","드레카니아","몰락한 용인족의 세계에서 건너온 기사. 지킬 왕국은 사라졌지만 늘 랜스와 방패로 무장하고 있다.","220_Dracania.sad","SR","力"
"232","26","79","0","65","64","10","0","16","16","1","18","웨더랜드","길고 긴 여정 끝에 하나의 세계가 되어버린 거대한 하늘고래. 그 등 위에는 생명의 나무가 피어나 있다고 한다.","221_Whaetheland.sad","SR","健康"
"233","32","40","0","51","35","20","0","10","10","20","23","쁘띠 마법 창병","또 다른 차원에서 넘어온 마법 창병. 성격은 다소 까칠하지만 보기만 해도 귀여운 외모로 사람들에게 사랑받고 있다.","222_MagicLancer.sad","LR","力"
"234","33","9","0","53","44","20","0","10","10","9","16","쁘띠 마법사","또 다른 차원에서 넘어온 마법사. 새로운 세계와 사건들을 보고 느끼며 학구열에 불타오르고 있다.","223_Wizard.sad","LR","知識"
"235","26","62","0","64","17","32","0","16","16","6","16","알티나 오라이온","《흑토끼》블랙래빗이라는 코드 네임으로 제국군 정보국에 소속되어 정보국의 '요청'을 받은 린의 서포트 겸 감시역으로 1년 이상
《회색의 기사》를 곁에서 받쳐왔다.","224_Altina.sad","SR","健康"
"236","25","8","0","32","21","10","0","16","16","9","11","알리사 라인폴트","RF（러인폴트）그룹의 영애.
RF그룹의 시니어 매니저로써 앱스타인재단과의 협력 체제를
구축하는 등 나날의 업무에 힘쓰고 있다.","225_Alisa.sad","SR","知識"
"237","24","40","0","35","23","10","0","5","16","7","12","라우라 S.알제이드","검의 길을 궁구하고 있는 타케시 명문, 아르제이드 자작가의 딸.
트루즈 졸업 후, 아버지 아르제이도 자작과 함께 수업의 길에 들어섰고, 1년 반이라는
단기간에 아르제이드류의 오의를 전수 받고 사범역에 도달.","225_Laura.sad","SR","力"
"238","32","40","0","1","19","20","0","10","10","9","18","린 슈바르처","《팔엽일도류》의 심부름꾼으로, '귀신의 힘'을 내면에 간직하고 있다.
제국 내전 후, 《재의 기신 발리마루》를 모는 《회색의 기사》로써
제국 내에서 영웅시되게 되었다.","226_Lean.sad","LR","力"
"239","33","8","0","9","43","20","0","10","10","9","16","크로우 암브러스트","도박을 좋아하는 장난꾸러기지만, 뒤로는 테러조직 '제국해방전선'의
리더로써 활약했다. 
한 번 죽었지만, (지정)의 시도에 의해 임시생명을 받았다.","227_Crow.sad","LR","知識"
"240","16","0","0","23","39","24","0","12","12","6","12","라리엔","세계 저 너머, 프란델 대륙의 사람들의 부름에 응답하여 이곳에 나타났다! 특기는 발랄하고 활기찬 노래. 모두의 마음을 들뜨게 만들어 주고 싶어 한다.","240_Larien.sad","HR","力"
"241","24","1","0","23","39","10","0","16","16","4","17","슈퍼스타 라리엔","세계 저 너머, 프란델 대륙의 사람들의 부름에 응답하여 이곳에 나타났다! 특기는 더욱더 발랄하고 활기찬 노래. 슈퍼스타의 자리에 오른 그녀의 노래는 이제 모두의 마음을 들뜨게 해준다.","241_SuperStarLarien.sad","SR","力"
"242","83","63","0","66","62","24","0","12","12","5","11","슈크림","세계 저 너머, 프란델 대륙의 사람들의 부름에 응답하여 이곳에 나타났다! 특기는 천진난만하고 깜찍한 퍼포먼스. 모두에게 사랑받는 마스코트가 되고 싶어 한다.","242_Choucream.sad","HR","サポート"
"243","91","66","0","64","62","32","0","16","16","5","16","슈퍼스타 슈크림","세계 저 너머, 프란델 대륙의 사람들의 부름에 응답하여 이곳에 나타났다! 특기는 더욱더 천진난만하고 깜찍한 퍼포먼스. 슈퍼스타의 자리에 오른 슈크림의 인기란 식을 줄 모르고 불타오른다.","243_SuperStarChoucream.sad","SR","サポート"
"244","17","78","0","45","21","24","0","12","12","2","12","세리스","세계 저 너머, 프란델 대륙의 사람들의 부름에 응답하여 이곳에 나타났다! 특기는 차분하고 깊이 있는 노래. 모두의 마음속에 차분한 노래를 들려주고 싶어 한다.","244_Ceris.sad","HR","知識"
"245","25","8","0","45","21","10","0","16","16","7","11","슈퍼스타 세리스","세계 저 너머, 프란델 대륙의 사람들의 부름에 응답하여 이곳에 나타났다! 특기는 더욱더 차분하고 깊이 있는 노래. 슈퍼스타의 자리에 오른 그녀의 노래는 이제 모두의 마음속에 차분하게 내려앉는다.","245_SuperStarCeris.sad","SR","知識"
"246","18","18","0","17","24","24","0","12","12","19","12","덱스터","세계 저 너머, 프란델 대륙의 사람들의 부름에 응답하여 이곳에 나타났다! 특기는 자유분방하고 거친 댄스. 모두의 마음을 흥분시켜주고 싶어 한다. ","246_Dexter.sad","HR","健康"
"247","26","20","0","17","24","10","0","16","16","1","18","슈퍼스타 덱스터","세계 저 너머, 프란델 대륙의 사람들의 부름에 응답하여 이곳에 나타났다! 특기는 더욱더 자유분방하고 거친 댄스. 슈퍼스타의 자리에 오른 그의 춤은 이제 모두의 마음을 흥분되게 만들어준다.","247_SuperStarDexter.sad","SR","健康"
"248","27","24","0","21","7","32","0","16","16","8","15","아이스엔젤","500여 년 전 말썽만 일으켰던 천상계의 꼬마천사. 붉은보석 강탈 사건 당시, 천상계에서 추방되어 붉은보석의 탐색과 회수를 도우라는 명을 받고 장난치지 못하도록 아이스크림 속에 갇혀 천사들과 함께 추방되었다.","248_IceAngle.sad","SR","サポート"
"249","8","49","0","0","17","16","0","8","8","3","12","블루 페가수스","하늘을 달리는 블루 페가수스. 날개를 펼치고 빠르게 달려 나가면 그 누구도 따라잡을 수 없다고 한다. ","249~252_Pegasus.sad","R","力"
"250","9","10","0","78","26","16","0","8","8","2","15","레드 페가수스","하늘을 달리는 레드 페가수스. 날개를 펼치고 빠르게 달려 나가면 그 누구도 따라잡을 수 없다고 한다. ","249~252_Pegasus.sad","R","知識"
"251","10","25","0","36","55","16","0","8","8","6","10","그린 페가수스","하늘을 달리는 그린 페가수스. 날개를 펼치고 빠르게 달려 나가면 그 누구도 따라잡을 수 없다고 한다. ","249~252_Pegasus.sad","R","健康"
"252","11","34","0","15","18","16","0","8","8","4","12","퍼플 페가수스","하늘을 달리는 퍼플 페가수스. 날개를 펼치고 빠르게 달려 나가면 그 누구도 따라잡을 수 없다고 한다. ","249~252_Pegasus.sad","R","サポート"
"253","17","5","0","13","45","24","0","12","12","19","11","세리우스","자연을 수호하고 축복하는 켄타우로스. 그의 주변엔 늘 푸른 자연의 기운이 흐르고 있다. ","253_Serius.sad","HR","知識"
"254","18","11","0","78","63","24","0","12","12","19","10","히드래곤","세 개의 머리를 갖고 온몸에 강력한 맹독을 품고 있는 크리처. 그 숨결이 닿으면 푸른 자연마저 삽시간에 오염되고 만다. ","254_Hydragon.sad","HR","健康"
"255","24","1","0","36","41","10","0","16","5","2","18","하르퓌아","자유롭게 창공을 날아다니며 먹잇감을 사냥하는 괴조 크리처. 그 발톱에 붙잡힌 사냥감은 절대 도망칠 수 없다고 한다.","255_Harpiea.sad","SR","力"
"256","32","41","0","52","69","20","0","10","10","7","18","크레티온","미로처럼 얽힌 미궁을 지키는 거대한 문지기. 양손에 든 도끼를 힘차게 내려찍으며 그 어떤 침입자도 용서치 않는다고 한다.","256_Cretion.sad","LR","力"
"257","19","18","0","21","57","24","0","12","12","19","13","간호사 벨라","사람의 정기 대신 다른 특별한 것을 먹고 사는 서큐버스 크리처. 이번엔 이제껏 받은 애정의 힘을 모두에게 나눠주려고 하는 모양이다. 애정이 듬뿍 담긴 커다란 주사기를 등에 매고 다닌다.","Pet_Bella_nurse_w.sad","HR","サポート"
"258","26","19","0","18","25","10","0","16","16","4","18","네메라이언","어느 이국의 신화 속에서 영웅의 과업으로 제시되었던 사자. 그 털과 가죽은 갑옷처럼 매우 단단하다고 한다.","258_Nemerian.sad","SR","健康"
"259","25","85","0","15","78","10","0","16","16","9","12","케렌디어","어느 이국의 신화 속에서 영웅의 과업으로 제시되었던 암사슴. 그 크기는 황소보다도 크고 화살보다도 빠르게 달릴 수 있으며 용맹한 뿔이 달려 있다고 한다. ","259_Kerendia.sad","SR","知識"
"260","32","80","0","35","1","20","0","10","10","7","23","쁘띠 슈라그","자신의 힘을 널리 떨치기 위해 슈라그가 만들어낸 작은 분신 중 하나. 하지만 자신보다 강력한 모험가의 힘에 이끌린 것인지 어느샌가 모험가의 뒤를 따라오고 있었다고 한다.","260_Schrag.sad","LR","力"
"261","32","87","0","46","20","20","0","10","10","21","16","쁘띠 펄콘","자신의 힘을 널리 떨치기 위해 펄콘이 만들어낸 작은 분신 중 하나. 모험가에게 곧장 덤벼들었으나 금방 제압당해서, 지금은 모험가를 따르고 있다고 한다.","261_Falcon.sad","LR","力"
"262","90","20","0","67","68","10","0","16","16","1","14","시트릴론","레몬 요정. 상큼한 향기를 뿌리며 주인에게 건강과 운을 부여한다","262_Siteulillon.sad","SR","健康"
"263","17","5","0","13","29","24","0","12","12","5","10","아티피칼","이상한 세계에서 태어난 특이한 크리처. 특정 물질의 영향으로 날개가 커다란 팔로 바뀌었다. 마스크 아래의 얼굴을 보면 반드시 후회할 것이다","263_Atipikal.sad","HR","知識"
"264","83","62","0","65","45","24","0","12","12","3","15","허세 페어리","주위에서 바보 취급당하지 않도록 리젠트 스타일 머리 모양을 한 울보 요정. 싸움에 지면 울지만, 어릴 적 받은 머플러를 소중하게 간직하고 있다","264_Bluff_Fairy.sad","HR","サポート"
"265","17","78","0","9","21","24","0","3","12","7","14","이브닝 드레스 벨라","사람의 정기 대신 다른 특별한 것을 먹고 사는 서큐버스 크리처. 이번엔 우아한 이브닝드레스 차림으로 더 많은 애정을 얻기 위해 나타났다. 사람을 홀리는 등불을 손에 들고 다닌다","NEW_Pet_Evening_Bella.sad","HR","知識"
"266","81","45","0","30","14","24","0","12","12","3","11","시시마이 래비토","시시마이 가면을 쓴 귀여운 래비토. 귀여운 모습으로 많은 사람의 사랑을 받고 있다","266_ShishimaiRebito.sad","HR","知識"
"267","80","38","0","56","34","24","0","12","12","1","14","하회탈 래비토","하회탈 가면을 쓴 귀여운 래비토. 귀여운 모습으로 많은 사람의 사랑을 받고 있다
","267_HahoeRebito.sad","HR","力"
"268","82","64","0","63","21","24","0","12","12","5","15","삼바 래비토","삼바 의상을 입고 있는 귀여운 래비토. 귀여운 모습으로 많은 사람의 사랑을 받고 있다","268_SambaRebito.sad","HR","健康"
"269","104","64","0","63","21","24","0","12","12","20","23","루미엘","천상의 축복으로 다시 태어난 광명의 사도여. 그대의 성검이 어둠을 걷어내리라. 그대의 후광이 빛의 길을 걷는 자들을 인도하리라","269_Lumiel.sad","GR","力"
"270","41","64","0","63","21","24","0","12","12","21","23","다인","지하계의 신비가 깃든 죽음의 화신. 그 누구도 피하지 못할, 필멸의 운명을 의미하는 그 이름은 태초의 악마가 직접 하사했다","270_Dyine.sad","GR","知識"
"271","107","64","0","63","21","24","0","12","12","20","24","프로파고스","붉은 악마 러스펠이 키워낸 사역마. 온 세상의 질서를 전복하려는 주인의 교활함과 악의를 남김없이 물려받았다","271_Propagos.sad","GR","サポート"
"272","65","0","0","0","0","0","0","0","0","4","11","유주","갓 태어난 기린의 새끼. 순진무구한 발걸음으로 여기저기를 돌아다니며 호기심을 채우지만, 본능과 운명이 그 방향을 모든 동물의 정점으로 이끌고 있다","272_LittleDragon.sad","N","知識"
"273","65","0","0","0","0","0","0","0","0","5","10","창천","승천한 지 얼마 안 된 청룡. 젊지만 자신의 여의주로 여러 가지 연구와 수련을 거쳐서 동년배의 다른 용보다 훨씬 강력하다. 열정적으로 곤경에 처한 사람들을 도우려 한다","273_BlueDragon.sad","N","知識"
